-- MySQL dump 10.13  Distrib 8.0.17, for macos10.14 (x86_64)
--
-- Host: 127.0.0.1    Database: bt3
-- ------------------------------------------------------
-- Server version	8.0.19

/*!40101 SET @OLD_CHARACTER_SET_CLIENT=@@CHARACTER_SET_CLIENT */;
/*!40101 SET @OLD_CHARACTER_SET_RESULTS=@@CHARACTER_SET_RESULTS */;
/*!40101 SET @OLD_COLLATION_CONNECTION=@@COLLATION_CONNECTION */;
/*!50503 SET NAMES utf8 */;
/*!40103 SET @OLD_TIME_ZONE=@@TIME_ZONE */;
/*!40103 SET TIME_ZONE='+00:00' */;
/*!40014 SET @OLD_UNIQUE_CHECKS=@@UNIQUE_CHECKS, UNIQUE_CHECKS=0 */;
/*!40014 SET @OLD_FOREIGN_KEY_CHECKS=@@FOREIGN_KEY_CHECKS, FOREIGN_KEY_CHECKS=0 */;
/*!40101 SET @OLD_SQL_MODE=@@SQL_MODE, SQL_MODE='NO_AUTO_VALUE_ON_ZERO' */;
/*!40111 SET @OLD_SQL_NOTES=@@SQL_NOTES, SQL_NOTES=0 */;

--
-- Table structure for table `products`
--

DROP TABLE IF EXISTS `products`;
/*!40101 SET @saved_cs_client     = @@character_set_client */;
/*!50503 SET character_set_client = utf8mb4 */;
CREATE TABLE `products` (
  `id` int NOT NULL AUTO_INCREMENT,
  `type` varchar(45) COLLATE utf8mb4_general_ci NOT NULL,
  `name` varchar(45) COLLATE utf8mb4_general_ci NOT NULL,
  `price` decimal(10,0) NOT NULL,
  `des` varchar(100) COLLATE utf8mb4_general_ci DEFAULT NULL,
  PRIMARY KEY (`id`)
) ENGINE=InnoDB AUTO_INCREMENT=405 DEFAULT CHARSET=utf8mb4 COLLATE=utf8mb4_general_ci;
/*!40101 SET character_set_client = @saved_cs_client */;

--
-- Dumping data for table `products`
--

LOCK TABLES `products` WRITE;
/*!40000 ALTER TABLE `products` DISABLE KEYS */;
INSERT INTO `products` VALUES (1,'áo','Áo Gucci',4000000,'haizz'),(2,'quần','Quần Balenciaga',3000000,''),(3,'áo','Áo Lv',3000000,''),(4,'giày','Giày AF1',3000000,''),(5,'mũ','Mũ Lv',3000000,''),(6,'thắt lưng','Thắt lưng Hermes',3000000,''),(7,'kính','Kính Gucci',3000000,''),(8,'giày','Giày MLB',3000000,'');
/*!40000 ALTER TABLE `products` ENABLE KEYS */;
UNLOCK TABLES;

--
-- Table structure for table `roles`
--

DROP TABLE IF EXISTS `roles`;
/*!40101 SET @saved_cs_client     = @@character_set_client */;
/*!50503 SET character_set_client = utf8mb4 */;
CREATE TABLE `roles` (
  `id` int NOT NULL AUTO_INCREMENT,
  `name` varchar(45) COLLATE utf8mb4_general_ci NOT NULL,
  `des` varchar(45) COLLATE utf8mb4_general_ci DEFAULT NULL,
  PRIMARY KEY (`id`),
  UNIQUE KEY `name_UNIQUE` (`name`)
) ENGINE=InnoDB DEFAULT CHARSET=utf8mb4 COLLATE=utf8mb4_general_ci;
/*!40101 SET character_set_client = @saved_cs_client */;

--
-- Dumping data for table `roles`
--

LOCK TABLES `roles` WRITE;
/*!40000 ALTER TABLE `roles` DISABLE KEYS */;
INSERT INTO `roles` VALUES (1,'admin','Admin'),(2,'customer','Customer');
/*!40000 ALTER TABLE `roles` ENABLE KEYS */;
UNLOCK TABLES;

--
-- Table structure for table `transactions`
--

DROP TABLE IF EXISTS `transactions`;
/*!40101 SET @saved_cs_client     = @@character_set_client */;
/*!50503 SET character_set_client = utf8mb4 */;
CREATE TABLE `transactions` (
  `id` int NOT NULL AUTO_INCREMENT,
  `price` decimal(10,0) NOT NULL,
  `quantity` int NOT NULL,
  `created_at` datetime NOT NULL,
  `product_id` int DEFAULT NULL,
  `user_id` int DEFAULT NULL,
  PRIMARY KEY (`id`),
  KEY `product_id_idx` (`product_id`),
  KEY `user_id_idx` (`user_id`),
  CONSTRAINT `product_id` FOREIGN KEY (`product_id`) REFERENCES `products` (`id`) ON DELETE RESTRICT,
  CONSTRAINT `user_id` FOREIGN KEY (`user_id`) REFERENCES `users` (`id`)
) ENGINE=InnoDB AUTO_INCREMENT=101 DEFAULT CHARSET=utf8mb4 COLLATE=utf8mb4_general_ci;
/*!40101 SET character_set_client = @saved_cs_client */;

--
-- Dumping data for table `transactions`
--

LOCK TABLES `transactions` WRITE;
/*!40000 ALTER TABLE `transactions` DISABLE KEYS */;
INSERT INTO `transactions` VALUES (1,3000000,17,'2020-04-12 13:57:02',4,87),(2,3000000,20,'2020-09-14 18:43:31',2,87),(3,3000000,18,'2020-02-19 15:27:51',3,30),(4,3000000,6,'2020-01-23 04:52:47',5,34),(5,3000000,14,'2020-05-08 10:48:29',5,35),(6,3000000,14,'2020-08-05 03:28:56',7,10),(7,3000000,8,'2020-10-15 14:55:03',4,38),(8,3000000,2,'2020-11-24 10:30:32',4,37),(9,3000000,9,'2020-03-27 18:56:15',7,98),(10,3000000,8,'2020-10-21 10:22:48',2,65),(11,3000000,9,'2020-09-29 05:09:16',4,9),(12,3000000,20,'2020-02-15 00:55:13',4,72),(13,3000000,3,'2020-02-19 21:11:39',2,53),(14,3000000,15,'2020-05-02 14:52:29',1,85),(15,3000000,12,'2020-11-05 11:24:25',7,77),(16,3000000,10,'2020-07-20 12:42:53',6,65),(17,3000000,18,'2020-10-08 00:26:03',1,96),(18,3000000,3,'2020-07-09 21:40:16',8,30),(19,3000000,14,'2020-09-18 05:30:21',8,23),(20,3000000,14,'2020-02-01 17:17:16',5,44),(21,3000000,16,'2020-09-29 18:45:39',3,17),(22,3000000,13,'2020-02-07 13:38:18',3,48),(23,3000000,4,'2020-08-14 21:28:35',7,59),(24,3000000,16,'2020-02-28 07:55:27',3,70),(25,3000000,16,'2020-03-28 03:15:29',3,82),(26,3000000,15,'2020-08-08 14:15:15',7,48),(27,3000000,20,'2020-03-23 03:33:41',7,58),(28,3000000,7,'2020-11-02 10:10:02',3,23),(29,3000000,7,'2020-02-09 13:22:24',8,93),(30,3000000,10,'2020-10-03 09:24:34',5,14),(31,3000000,15,'2020-06-30 11:57:37',4,83),(32,3000000,6,'2020-05-04 21:11:49',5,52),(33,3000000,12,'2020-03-05 12:04:15',2,10),(34,3000000,8,'2020-12-04 21:36:39',3,92),(35,3000000,11,'2020-06-07 14:10:41',8,15),(36,3000000,9,'2020-02-02 20:31:11',2,79),(37,3000000,14,'2020-07-18 01:27:34',8,3),(38,3000000,9,'2020-02-17 03:48:58',2,75),(39,3000000,9,'2020-03-31 10:12:55',3,53),(40,3000000,12,'2020-09-11 03:25:04',2,36),(41,3000000,9,'2020-12-05 02:34:50',8,64),(42,3000000,19,'2020-12-03 10:57:18',2,97),(43,3000000,15,'2020-12-12 15:51:54',7,9),(44,3000000,9,'2020-04-30 22:35:07',7,15),(45,3000000,20,'2020-06-24 14:45:43',1,46),(46,3000000,3,'2020-02-16 21:59:49',5,93),(47,3000000,15,'2020-06-26 19:18:18',8,85),(48,3000000,20,'2020-11-27 21:06:47',6,15),(49,3000000,14,'2020-03-05 16:41:17',7,45),(50,3000000,15,'2020-05-19 15:18:33',6,50),(51,3000000,18,'2020-10-15 00:36:52',4,74),(52,3000000,4,'2020-03-06 16:50:01',3,71),(53,3000000,9,'2020-04-20 01:48:44',6,52),(54,3000000,7,'2020-05-20 06:46:44',4,72),(55,3000000,16,'2020-03-03 10:50:42',3,83),(56,3000000,10,'2020-08-24 21:40:27',7,58),(57,3000000,10,'2020-07-20 19:26:16',4,86),(58,3000000,2,'2020-09-26 19:01:54',5,95),(59,3000000,16,'2020-10-25 10:10:32',2,45),(60,3000000,5,'2020-04-28 21:05:52',6,101),(61,3000000,18,'2020-11-01 04:07:49',1,73),(62,3000000,14,'2020-04-11 08:47:00',4,41),(63,3000000,11,'2020-05-05 23:09:37',7,21),(64,3000000,10,'2020-07-27 10:32:57',3,20),(65,3000000,8,'2020-04-13 18:55:31',3,55),(66,3000000,13,'2020-05-26 15:46:18',6,79),(67,3000000,19,'2020-01-28 22:48:16',6,29),(68,3000000,8,'2020-07-31 14:11:26',5,70),(69,3000000,14,'2020-07-11 08:02:59',6,45),(70,3000000,8,'2020-01-22 21:58:45',7,31),(71,3000000,3,'2020-05-11 01:59:01',6,92),(72,3000000,10,'2020-05-18 13:40:33',8,97),(73,3000000,3,'2020-03-01 15:46:11',3,97),(74,3000000,17,'2020-12-15 01:42:14',5,19),(75,3000000,7,'2020-06-28 11:34:50',4,95),(76,3000000,16,'2020-08-01 05:44:36',4,87),(77,3000000,14,'2020-03-16 23:54:03',2,90),(78,3000000,5,'2020-11-06 16:29:05',5,93),(79,3000000,16,'2020-11-02 00:46:31',7,99),(80,3000000,11,'2020-01-19 02:55:03',2,68),(81,3000000,19,'2020-09-27 18:24:28',7,99),(82,3000000,17,'2020-06-20 12:43:35',1,28),(83,3000000,3,'2020-09-05 09:39:44',8,7),(84,3000000,3,'2020-01-24 06:39:39',2,64),(85,3000000,7,'2020-11-28 16:51:20',6,31),(86,3000000,11,'2020-11-20 21:00:06',1,81),(87,3000000,20,'2020-04-22 20:58:42',1,48),(88,3000000,12,'2020-06-16 18:58:34',4,96),(89,3000000,18,'2020-10-23 06:57:10',6,26),(90,3000000,12,'2020-06-13 11:09:53',2,90),(91,3000000,11,'2020-02-17 18:51:35',8,21),(92,3000000,3,'2020-11-09 21:02:31',5,98),(93,3000000,13,'2020-04-24 09:08:37',3,93),(94,3000000,18,'2020-11-02 16:05:44',2,26),(95,3000000,17,'2020-05-02 15:50:54',4,80),(96,3000000,14,'2020-10-19 19:05:02',2,9),(97,3000000,11,'2020-10-21 22:05:11',4,71),(98,3000000,15,'2020-08-03 02:43:01',1,40),(99,3000000,19,'2020-03-22 04:18:26',2,42),(100,3000000,18,'2020-12-08 21:09:51',8,70);
/*!40000 ALTER TABLE `transactions` ENABLE KEYS */;
UNLOCK TABLES;

--
-- Table structure for table `users`
--

DROP TABLE IF EXISTS `users`;
/*!40101 SET @saved_cs_client     = @@character_set_client */;
/*!50503 SET character_set_client = utf8mb4 */;
CREATE TABLE `users` (
  `id` int NOT NULL AUTO_INCREMENT,
  `username` varchar(45) COLLATE utf8mb4_general_ci NOT NULL,
  `password` varchar(100) COLLATE utf8mb4_general_ci NOT NULL,
  `firstname` varchar(45) CHARACTER SET utf8 COLLATE utf8_general_ci DEFAULT NULL,
  `lastname` varchar(45) CHARACTER SET utf8 COLLATE utf8_general_ci DEFAULT NULL,
  `dob` date DEFAULT NULL,
  `email` varchar(45) COLLATE utf8mb4_general_ci NOT NULL,
  `phone` varchar(45) COLLATE utf8mb4_general_ci DEFAULT NULL,
  `address` varchar(45) COLLATE utf8mb4_general_ci DEFAULT NULL,
  `created_at` datetime DEFAULT NULL,
  `updated_at` datetime DEFAULT NULL,
  `role_id` int DEFAULT NULL,
  PRIMARY KEY (`id`),
  UNIQUE KEY `email_UNIQUE` (`email`),
  UNIQUE KEY `username_UNIQUE` (`username`),
  UNIQUE KEY `phone_UNIQUE` (`phone`),
  KEY `role_id_idx` (`role_id`),
  CONSTRAINT `role_id` FOREIGN KEY (`role_id`) REFERENCES `roles` (`id`)
) ENGINE=InnoDB AUTO_INCREMENT=103 DEFAULT CHARSET=utf8mb4 COLLATE=utf8mb4_general_ci;
/*!40101 SET character_set_client = @saved_cs_client */;

--
-- Dumping data for table `users`
--

LOCK TABLES `users` WRITE;
/*!40000 ALTER TABLE `users` DISABLE KEYS */;
INSERT INTO `users` VALUES (1,'haiclover','8561294206b6431973d3f8fd034059c06b61cbf5319ca779a1a4189d865e89fc','Hai','Dinh','1999-09-19','cloverdoser@gmail.com','0372791908','số 46, ngõ 69, Triều khúc',NULL,NULL,1),(2,'walter.morgan','e3b0c44298fc1c149afbf4c8996fb92427ae41e4649b934ca495991b7852b855','Vladimir12323','Gerlach','2020-07-10','maurice.collins@hotmail.com','760743933','số 10, Nguyễn Trãi, Hà Nội','2020-07-01 10:40:48','2020-07-17 16:31:15',2),(3,'ledner.brenda','9fe553e904cefdf1161cc8f13e88f30d244ba9cde58e23c5bdba6bd1e0b5460e','Jacinto','Leannon','2020-07-06','rrolfson@yahoo.com','4380862535','số 10, Nguyễn Trãi, Hà Nội','2020-07-04 07:16:02',NULL,2),(4,'cleo11','6861ad220d1d83584655bf85461e65ccc65bb4a361bd668e49c27f5f75a8514c','Kory','Moen','2020-06-19','ulices40@lang.com','3493230544','số 10, Nguyễn Trãi, Hà Nội','2020-06-22 16:12:54',NULL,2),(5,'emorissette','5cf31a655b2cc23ae139eae90566a56c9a4b668bda8e43149b248e081e0cae8f','Genoveva','Runolfsdottir','2020-06-30','althea.strosin@gmail.com','9344203611','số 10, Nguyễn Trãi, Hà Nội','2020-07-12 12:13:29',NULL,2),(6,'adell.pouros','d84da9f9baca37b15673b7856f4fea11ede0dbcc431bda7d0f5ee68a93e15067','Troy','Keebler','2020-07-05','dnicolas@williamson.com','1896138197','số 10, Nguyễn Trãi, Hà Nội','2020-06-19 15:01:29',NULL,2),(7,'jennyfer45','60a29efcdcc9f574db8ef0ef7b6bbc7a6c9cd3e7a8972b1db70353cc12ee5b52','Sammie','Steuber','2020-07-04','lora.ryan@watsica.biz','793582924','số 10, Nguyễn Trãi, Hà Nội','2020-07-02 15:15:38',NULL,2),(8,'esther62','52b59ad50e39a5663ef5fe719fb60bb759d8e39249f90934dd9d11ae69b4745a','Emilio','Davis','2020-07-13','fledner@gmail.com','4349153426','số 10, Nguyễn Trãi, Hà Nội','2020-06-17 17:30:25',NULL,2),(9,'crooks.rozella','95b654bde7046e5911727c4abe22d2f6653cd16197b43fe24621185832127e8a','Braeden','Eichmann','2020-07-07','fernando.larkin@langworth.biz','5983728694','số 10, Nguyễn Trãi, Hà Nội','2020-06-21 14:32:54',NULL,2),(10,'fannie30','3a3b7a78d2ce337929a8f2749158f534434ed37cf4d897cd55331e78d65d403a','Maryse','Steuber','2020-07-07','howe.benedict@weimann.com','8510603338','số 10, Nguyễn Trãi, Hà Nội','2020-06-17 08:59:51',NULL,2),(12,'xbins','c8bbf935340239493d60273622b2d00e1ecc2b24891c3c223833046376f16fd3','Ross','Schmitt','2020-07-12','labshire@hotmail.com','2051789880','số 10, Nguyễn Trãi, Hà Nội','2020-06-22 09:44:50',NULL,2),(13,'mstoltenberg','a7b48f495e576418f8868f2b20f2408379f476a0005dcbde93cb23edb3e6cc1c','Tracy','Green','2020-06-19','zgreenholt@yahoo.com','7862202608','số 10, Nguyễn Trãi, Hà Nội','2020-06-29 15:42:47',NULL,2),(14,'keaton41','a2957680000027b75f3a8acaa5bf06c1152888910cba47d8ee8b5ce48199c9fe','Chester','Wisozk','2020-06-24','stiedemann.gaylord@hotmail.com','3529221434','số 10, Nguyễn Trãi, Hà Nội','2020-06-20 10:55:20',NULL,2),(15,'aniya61','4fe7f547b6b3ba1677597743eeb7a36c6a8c1cafb116722ed06ba2929dde5e1b','Gustave','Feeney','2020-07-13','jewell35@yahoo.com','970232981','số 10, Nguyễn Trãi, Hà Nội','2020-07-11 05:04:53',NULL,2),(16,'jaida04','1990a0188451fd52ef0b9fb23ebc679363b0ead031fae2704fef11d61af33765','Felicity','Abshire','2020-06-22','ibrahim84@yahoo.com','316878278','số 10, Nguyễn Trãi, Hà Nội','2020-06-25 21:16:15',NULL,2),(17,'koss.jerel','991057df3d933ff46ae867a3c91f7e8ae7166ee87012d07b5a3d693e16a32517','Millie','Nitzsche','2020-07-02','dameon88@boehm.biz','6915454590','số 10, Nguyễn Trãi, Hà Nội','2020-07-14 05:28:26',NULL,2),(18,'arvel81','093106456fab0a96ea649976a3d6d3d213c15d7c1f4e7fdf00ba220f82a5c1ed','Emmitt','Cormier','2020-07-11','katarina.jacobson@adams.info','8707002101','số 10, Nguyễn Trãi, Hà Nội','2020-06-30 13:49:06',NULL,2),(19,'carlie91','866f782a4be1f61d79f6c24c4686ef3d703057e4250f17babe48b454dceebb55','Kelton','Koss','2020-06-25','serena44@yahoo.com','4718330951','số 10, Nguyễn Trãi, Hà Nội','2020-07-12 22:48:57',NULL,2),(20,'irwin.metz','cde9ee719776269bcc847d2bd9542c48740ee80b09ac518cc204121fb85c5046','Jamey','Hintz','2020-06-28','swaniawski.hunter@larson.com','707228579','số 10, Nguyễn Trãi, Hà Nội','2020-06-26 23:22:48',NULL,2),(21,'mertz.lurline','87a70338f9a972bcc3096940820af7714ead7ca3d8372ebe5425a10228bec524','Ottilie','Waelchi','2020-07-12','marks.peyton@hotmail.com','6781392413','số 10, Nguyễn Trãi, Hà Nội','2020-06-22 05:46:43',NULL,2),(22,'cathy00','86c04248a9fa790a6da4a95e18125dac46f1bb9f1e4136d04eaeaa9d4a6a3b19','Mireille','Prosacco','2020-06-21','orion.dibbert@howe.com','919001244','số 10, Nguyễn Trãi, Hà Nội','2020-06-23 07:09:57',NULL,2),(23,'wprice','bf47376163d3da06343ba4a02bb663ada17f524563b56acb61ec6c60ea764585','Rosalind','Sawayn','2020-06-22','bruen.vinnie@hotmail.com','1729606198','số 10, Nguyễn Trãi, Hà Nội','2020-07-14 12:47:12',NULL,2),(24,'keara.metz','9077415e66899a9eca0fc6bd84298e6642d7bfbd83880775f0d81d4b809cc5ea','Roslyn','Flatley','2020-07-06','lstiedemann@gmail.com','75471927','số 10, Nguyễn Trãi, Hà Nội','2020-06-28 06:10:22',NULL,2),(25,'nstoltenberg','d74bcbde83ea2586a842c21abbe6a8efcc775606bac6e6a55bbb88d960290c9d','Marge','Anderson','2020-07-15','autumn.langosh@yahoo.com','4536161653','số 10, Nguyễn Trãi, Hà Nội','2020-07-15 15:11:14',NULL,2),(26,'kilback.juwan','a4f41c2e39695ea2e07c4c50beb673b52d4a0d44303eaf311e4f6a52c8e10790','Lula','Roberts','2020-07-08','bert14@gmail.com','9275019774','số 10, Nguyễn Trãi, Hà Nội','2020-06-26 22:27:57',NULL,2),(27,'rodrigo80','f5c8624f8ff342edd6b9491032370e6cf11e50b80ce4e7988029d5eef5218633','Arianna','Christiansen','2020-07-04','katelynn57@yahoo.com','1728224858','số 10, Nguyễn Trãi, Hà Nội','2020-06-19 21:56:59',NULL,2),(28,'lbeer','e32b8acc537af903828b0de98ca9ce2c76eb8bb5a786870b244ac8e503fa686c','Freida','Deckow','2020-07-04','tremayne78@collins.com','3698632795','số 10, Nguyễn Trãi, Hà Nội','2020-06-18 09:05:27',NULL,2),(29,'lkeeling','8932775bd2d4834650d6d6491114e2f590a0d0e3bfd30bd1bfca91eddc57e07a','Roxane','Maggio','2020-06-28','corine.cassin@gmail.com','6285185054','số 10, Nguyễn Trãi, Hà Nội','2020-06-27 14:39:38',NULL,2),(30,'dave.bogisich','a89c9385385e50b08f07a4298d7bd8f9e22c0b40ebee91bd3d3dd4f76b065a8c','Alec','Brown','2020-06-27','jean.weber@gmail.com','6516297711','số 10, Nguyễn Trãi, Hà Nội','2020-06-23 23:13:47',NULL,2),(31,'glover.romaine','1d39dfe302b894884c6cc247d9e02b866506b5a2faed362b5c1d7a71492831c3','Lea','Huel','2020-07-15','vlang@hotmail.com','1544561870','số 10, Nguyễn Trãi, Hà Nội','2020-07-14 18:05:25',NULL,2),(32,'donnell.fadel','ade36a61afe2db8aff6915ab238ca54562aa6eab1bde7c60912a0b69614edf42','Kattie','Klein','2020-07-10','ctrantow@hotmail.com','7825605793','số 10, Nguyễn Trãi, Hà Nội','2020-06-19 02:49:16',NULL,2),(33,'adonis82','425d6457ce827c65328e2c24a8da4f1a141a7b48cd3366ac53bb824b3a75815e','Dianna','Ratke','2020-07-11','reichert.darius@bergnaum.info','7622379933','số 10, Nguyễn Trãi, Hà Nội','2020-06-28 19:44:53',NULL,2),(34,'kamryn.kunze','434bb115519f8e00b47c5b794b180ca10c6a62a76d088ac14489eff22d84a7d5','Kiarra','Brown','2020-07-15','elwyn.kub@yahoo.com','5101874202','số 10, Nguyễn Trãi, Hà Nội','2020-07-14 21:37:25',NULL,2),(35,'darrion.powlowski','e40707b9982cdc2a0382f48c4bc78ad08ea321b2e1cac06fb256141aa7a7caf5','Leonie','Mohr','2020-07-02','mbartoletti@lind.org','9293386770','số 10, Nguyễn Trãi, Hà Nội','2020-07-15 12:42:05',NULL,2),(36,'henri57','a88ba58cf090e911c34f41862825a087527f1a2990ef4d0d3494f6813e5ec79b','Malika','Hessel','2020-07-09','caden.walsh@hirthe.com','9118548910','số 10, Nguyễn Trãi, Hà Nội','2020-06-19 15:09:37',NULL,2),(37,'ckihn','7ce484f3a402ce738ff3bf36324c721619f5ff4d68de4ab34407bec14cc56ff2','Saige','Hauck','2020-07-10','streich.damion@thiel.com','3506692601','số 10, Nguyễn Trãi, Hà Nội','2020-06-17 04:24:27',NULL,2),(38,'jaquelin.bergstrom','e0d52274bc55a94c88f4f41150f03bcf5b5c7db17ffacdc7895a99718e389a03','Destiney','Jacobson','2020-06-30','htillman@hotmail.com','1139489553','số 10, Nguyễn Trãi, Hà Nội','2020-06-21 10:17:05',NULL,2),(39,'pouros.catherine','2535a72baa68bb5c5b84fbcc9a0d397a62492c2ddd597344deeabe308d3a67f0','Elwyn','Lowe','2020-06-25','zola.fahey@predovic.biz','9262459719','số 10, Nguyễn Trãi, Hà Nội','2020-06-28 17:12:16',NULL,2),(40,'sallie.grady','13e4faba72d5001fbb04b908a606dc932d9250a597981681172dafdc9593792a','Elda','Hamill','2020-07-05','karlie.bradtke@marks.com','8485456121','số 10, Nguyễn Trãi, Hà Nội','2020-06-22 00:50:14',NULL,2),(41,'vincent.franecki','df900d36139ee35f5b63dfef6453ff71820f27300c9d410312ee648e800e2740','Emma','Hickle','2020-06-25','norbert.cummings@hotmail.com','8612720906','số 10, Nguyễn Trãi, Hà Nội','2020-06-17 16:13:13',NULL,2),(42,'lshanahan','160c717add5c65640faff0a01dc615fc98a131fb0265a36c9b52caa0e958ef50','Marjolaine','Schaden','2020-07-03','cummerata.freeda@marks.biz','4968503886','số 10, Nguyễn Trãi, Hà Nội','2020-07-14 18:31:24',NULL,2),(43,'gorczany.stephon','4ec1064d11d882744990991cbf4240ce7cec2ba28fd83599c194bd4a07f2c7f2','Eino','Stehr','2020-07-16','constance35@paucek.org','3583948695','số 10, Nguyễn Trãi, Hà Nội','2020-06-19 17:31:58',NULL,2),(44,'garrett.tillman','e405b7422b7fc3ce6e669203eec309d1f689deaf56a4d1708eafd3324d60d70c','Alba','Murray','2020-07-11','jakob.braun@gmail.com','8585930270','số 10, Nguyễn Trãi, Hà Nội','2020-07-16 20:30:16',NULL,2),(45,'celestino65','5e15219913725e91c7a7b72fcb4b4c6cbfb750e2053122e2a603aa0ad02c2dc7','Wallace','O\'Hara','2020-07-07','cbraun@toy.com','3453069361','số 10, Nguyễn Trãi, Hà Nội','2020-07-11 04:30:47',NULL,2),(46,'kuhic.alessandra','e37db3d0a1faea1a34c41de40676f355dd042532c2ed1065d5d70077de6a2013','Jamel','Pouros','2020-07-09','sterling36@hotmail.com','7624970041','số 10, Nguyễn Trãi, Hà Nội','2020-06-18 17:16:30',NULL,2),(47,'cruz02','452134411cc78cec7b782afd009565236223a6f76e39569e709400abea575168','Lorena','Hauck','2020-07-02','daniel.anita@jakubowski.com','8078587773','số 10, Nguyễn Trãi, Hà Nội','2020-07-04 03:32:50',NULL,2),(48,'fletcher13','ef60252d0dc8bd67e297e6674668d3ca56ef98ccb1275bf9e5670f83f9197077','Gerda','Schmitt','2020-07-08','henderson.jones@lubowitz.com','7409314457','số 10, Nguyễn Trãi, Hà Nội','2020-07-16 08:04:37',NULL,2),(49,'andy.bauch','fbead196d236f440e6b0231a5e0a830d3ae649114b7e51410e01fd5bed04de1d','Annamae','Hill','2020-06-23','missouri30@gmail.com','8041745215','số 10, Nguyễn Trãi, Hà Nội','2020-07-05 04:50:06',NULL,2),(50,'mya.hermann','c1f24bd79747ea5a1f914931775f08bb46a2477642e1784474e15217b8b9bd82','Jayme','Abbott','2020-07-01','clemens.stracke@hagenes.com','7075196338','số 10, Nguyễn Trãi, Hà Nội','2020-06-19 09:49:37',NULL,2),(51,'ashly15','35f0f871252f285938c42d2f5300e5055b0f8746792c3b2d50eb397f11e48b45','Miles','Witting','2020-07-15','stuart.abbott@hotmail.com','1590612096','số 10, Nguyễn Trãi, Hà Nội','2020-06-27 08:38:09',NULL,2),(52,'reichel.harmony','e210bb17cd558563682e689f52be5f2eec5dab1e78644e657ea65610118b5599','Maegan','Ruecker','2020-07-08','pacocha.christophe@grimes.com','4067899754','số 10, Nguyễn Trãi, Hà Nội','2020-07-06 12:39:57',NULL,2),(53,'sienna83','92bbdca52331366129507795f0559904e9e4fb2c0116105c9a4dc42364ee7ee2','Emilie','Christiansen','2020-06-20','raquel.schultz@yahoo.com','5241696719','số 10, Nguyễn Trãi, Hà Nội','2020-07-06 22:26:51',NULL,2),(54,'aiden85','5a8ab07e38893d4564a9a81ba7346eec4704e0ba079e1fa23d1a0062c171d7ce','Adele','Harber','2020-06-28','rstrosin@emmerich.com','1098994561','số 10, Nguyễn Trãi, Hà Nội','2020-06-21 18:32:49',NULL,2),(55,'rhomenick','196ca0b117c81aaa87c61b9d98b8b49d456810d380fb046a3e1738179fe28390','Wilber','Funk','2020-07-01','bryana65@kreiger.org','7799956048','số 10, Nguyễn Trãi, Hà Nội','2020-06-18 00:49:49',NULL,2),(56,'lmurphy','b563430532d928df243a2d17dc28dab31ebd722c524c8de7bdac825059643164','Joe','Klein','2020-06-20','jaren19@welch.com','9354929520','số 10, Nguyễn Trãi, Hà Nội','2020-07-07 08:56:13',NULL,2),(57,'christiansen.taylor','4aa188657e721a4b78f300a6b1bdd43be3b24a78a353c0f9fa792e5eab08fd06','Carlo','Baumbach','2020-06-27','lowe.porter@gmail.com','6862846362','số 10, Nguyễn Trãi, Hà Nội','2020-06-22 19:20:56',NULL,2),(58,'trever43','ed4ac41a830c9573abbd533cb5e4cdbdde1e2b96fd226b8dcd90c412b598c3d1','Maiya','Jerde','2020-06-22','sonny.streich@yahoo.com','6466788252','số 10, Nguyễn Trãi, Hà Nội','2020-06-17 16:28:23',NULL,2),(59,'brown.sadie','51078fa6118504f1f73ad714c42fa7146ce62430933e5cb66cbedbc5f22a225e','Leonel','Berge','2020-07-04','kimberly.hartmann@collier.org','4457578580','số 10, Nguyễn Trãi, Hà Nội','2020-06-20 13:03:22',NULL,2),(60,'karianne.graham','179a56e2f5134e834e1b937ff093c71b298056ade7ea83d5ff2713f7b7071a53','Alden','Turner','2020-06-29','qcassin@hotmail.com','2058565050','số 10, Nguyễn Trãi, Hà Nội','2020-06-21 14:29:25',NULL,2),(61,'wroberts','c1fb142574a64072e7d876f5c4b754ad8c189556a6bdb6e8ea00ef8f0379b5a9','Eudora','Von','2020-07-04','ubreitenberg@hotmail.com','3704280852','số 10, Nguyễn Trãi, Hà Nội','2020-07-12 00:07:52',NULL,2),(62,'bednar.newell','595887ccc466a52bb6e5ea466de02a1b58dab07289dd88813c6458b80dc2e8b3','Elwin','Kunde','2020-06-21','walker.nicholas@hotmail.com','1047111077','số 10, Nguyễn Trãi, Hà Nội','2020-07-01 17:04:36',NULL,2),(63,'kendrick86','ee793c425a1e1d29fb8faeba15d8124eb2e63d78e4ce79878c9437ef26b5b90c','Zetta','Funk','2020-06-23','hester.romaguera@hotmail.com','6503149167','số 10, Nguyễn Trãi, Hà Nội','2020-07-13 17:06:00',NULL,2),(64,'jenifer12','b3c66c5c345a461c677a07e656488a9690e684117ac7aedcdcb15a486fab81e8','Cortez','Barrows','2020-07-03','kara23@ullrich.org','6367528714','số 10, Nguyễn Trãi, Hà Nội','2020-06-24 03:05:34',NULL,2),(65,'peter66','927384919089a195abf26a5888fa3774ba79a5905b49b797684e5a2cb710f31a','Kianna','Kovacek','2020-07-08','demarco.emmerich@connelly.com','1068331806','số 10, Nguyễn Trãi, Hà Nội','2020-07-16 17:31:03',NULL,2),(66,'legros.nat','abfb1f258e18e19af8d31d4959875c8bf6000fe272df7c153771d6cadab35a50','Martine','Muller','2020-07-08','bstehr@lakin.biz','2758384476','số 10, Nguyễn Trãi, Hà Nội','2020-07-06 03:29:52',NULL,2),(67,'anastacio26','5fc2f6a79ea5acf448f12b243441c58c24969223edb04964c602b185a8131ae9','Keven','Hermann','2020-06-27','vcrona@dibbert.net','6936116334','số 10, Nguyễn Trãi, Hà Nội','2020-07-12 02:24:12',NULL,2),(68,'stracke.marta','e53526ef07b0a41960c00c5e020e05d6aed5207c3831c2adab31fc5a74a7a15e','Tracey','Emard','2020-06-28','corene.hickle@cole.com','8960899809','số 10, Nguyễn Trãi, Hà Nội','2020-07-01 13:47:52',NULL,2),(69,'chase17','8ff675e29de63939811fe91ec5191e0215e3760552fb2617958e323af99f1a9d','Waldo','Romaguera','2020-06-20','bborer@nitzsche.com','1901132198','số 10, Nguyễn Trãi, Hà Nội','2020-07-15 20:31:47',NULL,2),(70,'bryon.goodwin','d1afc2cb0801c226592a8e042c6dd3d60a1cdfea46821236832041311eca2784','Alvina','Jenkins','2020-07-02','jorge71@cassin.com','2797596006','số 10, Nguyễn Trãi, Hà Nội','2020-07-10 04:36:57',NULL,2),(71,'wabbott','671e314ffe400541f5fdb5a38f658a7c62746fcc1542cabc46927dfa5cc96918','Makenzie','Daugherty','2020-06-29','ericka71@yahoo.com','7188733669','số 10, Nguyễn Trãi, Hà Nội','2020-06-19 11:48:16',NULL,2),(72,'marcia.kertzmann','3ab2054ef3ac0066c3291c92033a0dd8a964bf9c5c3ad2b97fdb4d6912ac209b','Vernice','Monahan','2020-06-21','glindgren@gislason.com','9101229988','số 10, Nguyễn Trãi, Hà Nội','2020-07-01 18:35:18',NULL,2),(73,'ortiz.winifred','2ba4438a79f9a8bb944ef5db1f09524c7f30135542ea5ff70566c27555b262b1','Brendon','Torphy','2020-06-18','august63@bode.net','9661747991','số 10, Nguyễn Trãi, Hà Nội','2020-07-12 21:37:36',NULL,2),(74,'wgutkowski','7b1715c1f4ddd7ddabbeac2a17593627231d045a808972687d53de3bbd76e2dd','Bethany','Kirlin','2020-07-08','peichmann@gmail.com','9881219834','số 10, Nguyễn Trãi, Hà Nội','2020-06-22 15:32:14',NULL,2),(75,'wlangworth','78dc9c5237081691f014395db258a84a7f26e38ed7c0da85251c5fac79b52b93','Fritz','Wyman','2020-07-11','trantow.patricia@stracke.info','9652695589','số 10, Nguyễn Trãi, Hà Nội','2020-06-18 11:00:20',NULL,2),(76,'vernie.grimes','a7b3462040d8875e0e22e0f7f7718e8806941f7709d33bef7d8c604979b395f3','Jorge','Grady','2020-06-24','cayla84@yahoo.com','5650045098','số 10, Nguyễn Trãi, Hà Nội','2020-07-05 18:29:07',NULL,2),(77,'rosina.pagac','576782e2dbbcf645fee06bb9703b22e4778753f45683ca9a6895d3c76fdd339a','Norbert','Hansen','2020-07-13','corrine72@upton.com','6032124203','số 10, Nguyễn Trãi, Hà Nội','2020-07-12 15:06:46',NULL,2),(78,'keven.corkery','0a6e4305d378b3219f25197ed6fbf9e2cea711501d7e343edc3db2ba78124c67','Josiane','Carter','2020-07-10','dimitri26@stamm.com','7597355899','số 10, Nguyễn Trãi, Hà Nội','2020-07-13 21:54:01',NULL,2),(79,'abreitenberg','94482698889c595fac7ba5b2c94db207ba338d98265bde3fb7822ed52b7a996f','Theodore','Reichert','2020-07-08','janick92@gmail.com','4555889311','số 10, Nguyễn Trãi, Hà Nội','2020-07-09 20:25:40',NULL,2),(80,'bell.kozey','2be9ed90940376eb892220be55f4549430d4d07d6ffb5bb11f41a95b3320ad4c','Mervin','Hansen','2020-07-12','erdman.earl@deckow.biz','6286829991','số 10, Nguyễn Trãi, Hà Nội','2020-06-27 23:18:23',NULL,2),(81,'walsh.lilyan','41923e8d3b82a81eed74edda4d23148caa411a2fc8f3898212edc406419f1af1','Hazle','Howe','2020-07-16','elittel@emard.info','954844009','số 10, Nguyễn Trãi, Hà Nội','2020-07-11 01:56:17',NULL,2),(82,'americo47','b7acf01dad544eab57a8d1a820e1d2ea1938447b8a780a5f06ae1b0c7fc70022','Gavin','Huel','2020-06-22','laisha34@bauch.com','7007697712','số 10, Nguyễn Trãi, Hà Nội','2020-06-18 05:31:43',NULL,2),(83,'fisher.eliseo','5da7fb9808d4299ba843d0e9d6d40b577f0bf7da7fe77ff0f4c740b8dea002cf','Leilani','Conroy','2020-07-16','qbeier@bruen.net','1049584689','số 10, Nguyễn Trãi, Hà Nội','2020-06-22 14:57:47',NULL,2),(84,'howell.alvena','ddce90504c3bcf3b58db5e5d9253cd57241ed916450da8a39c7168d69494a3eb','Delfina','Hettinger','2020-06-21','gleichner.annette@yahoo.com','161137953','số 10, Nguyễn Trãi, Hà Nội','2020-07-11 08:44:36',NULL,2),(85,'knicolas','c0785ac8892305ba0cf70dd802940e025fae2b8b0c04f65261884cfcb2b68731','Dawn','Mante','2020-07-08','qdaniel@bashirian.net','2312375529','số 10, Nguyễn Trãi, Hà Nội','2020-07-05 15:34:38',NULL,2),(86,'qwehner','b0b213941b62144055b2305c164aa024c0940a929be1bf100f34f5b116a2fb06','Kristopher','Feest','2020-06-30','emitchell@pollich.com','8440279409','số 10, Nguyễn Trãi, Hà Nội','2020-07-09 12:04:18',NULL,2),(87,'gillian.hilpert','92009a350af5a8b8caa8003da0b50a6ca8f08f95a0f74b45b29e9eda4e92f641','Felipe','Sporer','2020-06-29','fisher.ned@rowe.com','2615197660','số 10, Nguyễn Trãi, Hà Nội','2020-06-23 19:33:56',NULL,2),(88,'vkiehn','cc3a50dab5161990695f47ed99784cda92a08f925bf2a3ab58a26b86dc419b6e','Aletha','Hansen','2020-07-10','lind.dasia@hotmail.com','2901246317','số 10, Nguyễn Trãi, Hà Nội','2020-06-25 05:35:11',NULL,2),(89,'johns.jasper','3fa059bb27d08c999948774032d0c0c97fdff4858aa8be0cf09a06e81a5a54ce','Whitney','Hagenes','2020-07-11','alysson.reynolds@howe.org','4702210878','số 10, Nguyễn Trãi, Hà Nội','2020-06-17 11:42:16',NULL,2),(90,'waltenwerth','4a22c3e3265eb292c81175ada920c61d0d54753180b40d7adf0c06aeaf185682','Pearl','Carter','2020-07-13','conroy.kevin@hotmail.com','4913093180','số 10, Nguyễn Trãi, Hà Nội','2020-06-30 11:39:18',NULL,2),(91,'zprosacco','69d898ba62805fc6bb11ff41143c168b3d83500e4e214a79108393aa85f2ba5f','Brennon','Klocko','2020-07-09','babshire@schinner.com','8416567271','số 10, Nguyễn Trãi, Hà Nội','2020-07-05 23:01:01',NULL,2),(92,'weimann.waylon','f91c6d2a720785ea99dc7bf7250ec35e964f8d512a7311a0b980bffcf815e22c','Verla','Huels','2020-07-16','stark.gerhard@barton.com','3832699509','số 10, Nguyễn Trãi, Hà Nội','2020-06-23 06:02:48',NULL,2),(93,'laurine14','d4f2ea540f38342a4a0fafefed7b05513de2366dc05b8f25aa21dcc408d0a36f','Keshawn','Reinger','2020-07-01','nbechtelar@hotmail.com','6137630179','số 10, Nguyễn Trãi, Hà Nội','2020-06-17 22:43:58',NULL,2),(94,'zsanford','ca500ee0aa0142cd7c2946979e6be289165c9a0410f500ddef89e8cc6b6c5004','Josiah','Hegmann','2020-07-04','ashly21@gmail.com','7995298130','số 10, Nguyễn Trãi, Hà Nội','2020-06-22 04:05:58',NULL,2),(95,'brekke.cleta','2b398d044336b058be2a4441fe748c4582793441cc58994ce0736d3249a074d1','Oleta','Roob','2020-07-16','kristin.durgan@fahey.com','3274580753','số 10, Nguyễn Trãi, Hà Nội','2020-07-15 09:07:49',NULL,2),(96,'gcormier','f4ac9302b78311d6a4e13728ec1699a3cc66ee89cf2c7e3adf7ecb5e624d4a9e','Cornell','Legros','2020-07-06','schoen.lorna@hotmail.com','8467926916','số 10, Nguyễn Trãi, Hà Nội','2020-06-26 10:45:23',NULL,2),(97,'madisen97','5260af3254d768cfc09ec5c216278e8f27133dfeb21a090972c3608cfd0a3eb0','Joseph','Prosacco','2020-07-09','brionna72@green.com','9884377543','số 10, Nguyễn Trãi, Hà Nội','2020-07-16 16:09:05',NULL,2),(98,'santos02','e2e02fcae3e92c735f4b89a3e17d9fbb9b48c221265fa443be0fda70f703714e','Tevin','Kreiger','2020-07-05','jessika.rutherford@mayert.com','5341102655','số 10, Nguyễn Trãi, Hà Nội','2020-07-01 15:07:31',NULL,2),(99,'kjakubowski','a563704bd625695dab59113f7b5f7f59af44735d286fe7b394ed98af1a3d13d7','Elijah','Ritchie','2020-07-09','kuhlman.paula@yahoo.com','13885616','số 10, Nguyễn Trãi, Hà Nội','2020-07-16 18:04:04',NULL,2),(100,'alfreda.daniel','68563672790b99a2f7bb3dac1e7bc0dd0f3b51e042baad9e3a3e6fe3002764b5','Gideon','Bogan','2020-07-13','davion66@kihn.org','8458551904','số 10, Nguyễn Trãi, Hà Nội','2020-07-09 11:42:13',NULL,2),(101,'jon.barrows','ef4da01e328644a5bc05ed856e99c2112de94ea6b87bbfcf601a29666b124e8b','Adrienne','McCullough','2020-06-30','howard.waters@williamson.com','3926175825','số 10, Nguyễn Trãi, Hà Nội','2020-06-26 06:47:54',NULL,2);
/*!40000 ALTER TABLE `users` ENABLE KEYS */;
UNLOCK TABLES;
/*!40103 SET TIME_ZONE=@OLD_TIME_ZONE */;

/*!40101 SET SQL_MODE=@OLD_SQL_MODE */;
/*!40014 SET FOREIGN_KEY_CHECKS=@OLD_FOREIGN_KEY_CHECKS */;
/*!40014 SET UNIQUE_CHECKS=@OLD_UNIQUE_CHECKS */;
/*!40101 SET CHARACTER_SET_CLIENT=@OLD_CHARACTER_SET_CLIENT */;
/*!40101 SET CHARACTER_SET_RESULTS=@OLD_CHARACTER_SET_RESULTS */;
/*!40101 SET COLLATION_CONNECTION=@OLD_COLLATION_CONNECTION */;
/*!40111 SET SQL_NOTES=@OLD_SQL_NOTES */;

-- Dump completed on 2020-07-17 17:04:54
